,vol_coef,rv_coef,resid,vol_pred,loss
250,0.7793208956718445,0.11277008801698685,0.0,7.286915206350386e-05,-994.2654418945312
251,0.76829993724823,0.3444259762763977,0.0,0.00017629520152695477,362.5646057128906
252,0.7397283911705017,0.40946027636528015,0.0,0.00013958675845060498,365.2415771484375
253,0.5918270349502563,0.8890534043312073,0.0,0.0001512710005044937,-1525.975341796875
254,0.6307936310768127,0.7477099895477295,0.0,0.000927966320887208,-1164.97119140625
255,0.5533407330513,1.0845110416412354,0.0,0.002312492812052369,-1270.855712890625
256,0.7900371551513672,0.29369595646858215,0.0,0.0006176335737109184,9605.751953125
257,0.8569962382316589,0.17309007048606873,0.0,0.0004059978818986565,22068.02734375
258,0.9600316882133484,0.04321564733982086,0.0,0.00041264842730015516,8144.6669921875
259,0.8732932806015015,0.16266006231307983,0.0,0.000347513152519241,-613.3272094726562
260,0.8035086989402771,0.28763821721076965,0.0,0.00029408917180262506,-1350.561767578125
261,0.8757482171058655,0.15878725051879883,0.0,0.0002702728088479489,-712.4577026367188
262,0.8270096778869629,0.24265728890895844,0.0,0.00020950546604581177,-1369.5274658203125
263,0.8170508742332458,0.2620515823364258,0.0,0.0001736332633299753,-1393.9195556640625
264,0.8036587834358215,0.2928771376609802,0.0,0.0001558238291181624,-1388.2747802734375
265,0.8475679755210876,0.20634116232395172,0.0,0.0003610295825637877,-930.8330688476562
266,0.849245011806488,0.20282362401485443,0.0,0.00030422702548094094,-925.1648559570312
267,0.849963366985321,0.20089228451251984,0.0,0.0002590380609035492,-920.13427734375
268,0.8498415350914001,0.20039603114128113,0.0,0.00022596506460104138,-916.1434326171875
269,0.8776752948760986,0.15510916709899902,0.0,0.00020262697944417596,-589.2073974609375
270,0.8615592122077942,0.1816583126783371,0.0,0.00016992817108985037,-939.6126708984375
271,0.8389981389045715,0.2210070639848709,0.0,0.00013784877955913544,-1177.5494384765625
272,0.6431043148040771,0.7272775173187256,0.0,5.549813067773357e-05,-1609.4205322265625
273,0.761743426322937,0.38757362961769104,0.0,0.0001513189054094255,-1595.781494140625
274,0.7328155636787415,0.4642988443374634,0.0,0.0002839119406417012,-1595.3428955078125
275,0.6266170740127563,0.7995008230209351,0.0,0.00026278445147909224,-1588.239013671875
276,0.7875553965568542,0.32199111580848694,0.0,0.0001483884989283979,-1422.650390625
277,0.7312170267105103,0.45724090933799744,0.0,0.00011817141785286367,-1460.3544921875
278,0.894724428653717,0.12576010823249817,0.0,0.0001244822924491018,71.70692443847656
279,0.8233910799026489,0.24681757390499115,0.0,8.414442709181458e-05,-1506.468017578125
280,0.762230634689331,0.3882576823234558,0.0,0.0001772425603121519,-1607.93896484375
281,0.830354630947113,0.2364966869354248,0.0,0.00013505977403838187,-1470.8306884765625
282,0.8205284476280212,0.25549259781837463,0.0,0.00012057885032845661,-1517.2435302734375
283,0.8032773733139038,0.2906341552734375,0.0,0.00010039223707281053,-1559.7554931640625
284,0.7453934550285339,0.4269568920135498,0.0,7.741236186120659e-05,-1601.5025634765625
285,0.8204444646835327,0.2519456744194031,0.0,7.479735359083861e-05,-1393.571533203125
286,0.8340199589729309,0.2261732667684555,0.0,6.57760538160801e-05,-1201.187744140625
287,0.7235344052314758,0.49227020144462585,0.0,8.222695032600313e-05,-1589.5615234375
288,0.6141568422317505,0.8555133938789368,0.0,0.0003261815872974694,-1614.693115234375
289,0.5881702303886414,0.9784284234046936,0.0,0.006090500857681036,-1587.3084716796875
290,0.5716774463653564,1.0491511821746826,0.0,0.004280569963157177,-1557.6583251953125
291,0.7399943470954895,0.4536077380180359,0.0,0.001749037648551166,-664.6556396484375
292,0.7292096614837646,0.48160120844841003,0.0,0.0013170932652428746,-914.7222900390625
293,0.7302606701850891,0.4772387444972992,0.0,0.0009638674091547728,-907.609130859375
294,0.7808467745780945,0.35689401626586914,0.0,0.0007414784049615264,301.8838806152344
295,0.698373019695282,0.5810059309005737,0.0,0.0005851795431226492,-1568.2705078125
296,0.5598533153533936,1.0955530405044556,0.0,0.00037878286093473434,-1583.1868896484375
297,0.762871503829956,0.40199995040893555,0.0,0.00042060049599967897,-1255.596435546875
298,0.8040046691894531,0.31304439902305603,0.0,0.0003781557024922222,-955.9669189453125
299,0.7335590720176697,0.4876767694950104,0.0,0.00021900027059018612,-1605.8780517578125
300,0.623809278011322,0.8117717504501343,0.0,7.284067396540195e-05,-1624.2928466796875
301,0.7830804586410522,0.4099021255970001,0.0,0.0015736077912151814,-1597.5008544921875
302,0.7560597062110901,0.4928581714630127,0.0,0.0015095379203557968,-1595.486572265625
303,0.7331011295318604,0.575494647026062,0.0,0.0028086453676223755,-1581.8671875
304,0.7479557394981384,0.516866147518158,0.0,0.0019528839038684964,-1570.542724609375
305,0.8386232852935791,0.2638779580593109,0.0,0.0011317594908177853,-1417.4185791015625
306,0.8334561586380005,0.27625197172164917,0.0,0.0009635337628424168,-1495.166748046875
307,0.8053517937660217,0.3454751968383789,0.0,0.000834756763651967,-1592.758056640625
308,0.7883901000022888,0.3900553286075592,0.0,0.000663398765027523,-1590.8330078125
309,0.8056356906890869,0.3417358994483948,0.0,0.0005411573802120984,-1574.54052734375
310,0.778353214263916,0.4204062223434448,0.0,0.0005335909081622958,-1579.29248046875
311,0.7344375252723694,0.5729504227638245,0.0,0.0005055811489000916,-1561.880859375
312,0.8107779026031494,0.32010743021965027,0.0,0.0004053027951158583,-1517.5858154296875
313,0.8088957071304321,0.3227844536304474,0.0,0.0003288541629444808,-1512.9228515625
314,0.7620202302932739,0.4609333574771881,0.0,0.0005822422099299729,-1571.772216796875
315,0.788156270980835,0.38103532791137695,0.0,0.0006714421324431896,-1550.93505859375
316,0.6919863820075989,0.751399040222168,0.0,0.0008328196126967669,-1531.095458984375
317,0.7973067760467529,0.3516407310962677,0.0,0.0004954809555783868,-1492.28857421875
318,0.7986747026443481,0.3437621295452118,0.0,0.00039088280755095184,-1393.7039794921875
319,0.7977756857872009,0.34449997544288635,0.0,0.00031326772295869887,-1390.2215576171875
320,0.8259672522544861,0.27482691407203674,0.0,0.00026684332988224924,-856.8626098632812
321,0.9350572228431702,0.08647586405277252,0.0,0.00035503815161064267,678.2977905273438
322,0.9445005655288696,0.06986457109451294,0.0,0.0003640041686594486,1361.839111328125
323,0.9396343231201172,0.07845565676689148,0.0,0.0003470550000201911,766.817138671875
324,0.76361083984375,0.4510878622531891,0.0,0.0003814570955000818,-1554.821044921875
325,0.7931287288665771,0.3616648316383362,0.0,0.0002740887284744531,-1409.2200927734375
326,0.674454927444458,0.837104320526123,0.0,0.00026041967794299126,-1521.972412109375
327,0.800693154335022,0.33695274591445923,0.0,0.0002355201868340373,-1060.43310546875
328,0.74442458152771,0.50503009557724,0.0,0.00019513258303049952,-1269.852294921875
329,0.9566589593887329,0.05055859312415123,0.0,0.0002903523272834718,3491.891845703125
330,0.796510636806488,0.35339462757110596,0.0,0.00013435106666292995,-1603.9571533203125
331,0.7936654090881348,0.3665550649166107,0.0,0.0003011698427144438,-1590.8111572265625
332,0.8056225776672363,0.3329520523548126,0.0,0.00024123088223859668,-1553.5731201171875
333,0.8263759016990662,0.28096476197242737,0.0,0.00018947520584333688,-1431.3402099609375
334,0.8307926058769226,0.27981260418891907,0.0,0.0005282085621729493,-1311.4384765625
335,0.6963529586791992,0.7750710248947144,0.0,0.0011209355434402823,-1538.718505859375
336,0.6459888815879822,1.058772087097168,0.0,0.0009261503000743687,-1522.4298095703125
337,0.6405494809150696,1.0872197151184082,0.0,0.0007412608247250319,-1504.9215087890625
338,0.8587180376052856,0.21319173276424408,0.0,0.00036262156208977103,-753.524658203125
339,0.9292670488357544,0.09411630034446716,0.0,0.0003281449608039111,22.097457885742188
340,0.8033717274665833,0.3383462429046631,0.0,0.0003583619836717844,-1478.4249267578125
341,0.8491899967193604,0.23222051560878754,0.0,0.0002811110171023756,-1022.34228515625
342,0.8114394545555115,0.3174687922000885,0.0,0.0002886439033318311,-1486.6983642578125
343,0.7628438472747803,0.4554744064807892,0.0,0.00026599777629598975,-1590.986083984375
344,0.7589346766471863,0.4681374132633209,0.0,0.00039512995863333344,-1566.234375
345,0.8176668882369995,0.2984519600868225,0.0,0.00027950466028414667,-1285.5484619140625
346,0.7761800289154053,0.40832236409187317,0.0,0.00023531961778644472,-1532.070556640625
347,0.8002307415008545,0.3382954001426697,0.0,0.00018475871183909476,-1240.0067138671875
348,0.7435963153839111,0.5115540623664856,0.0,0.0001839365577325225,-1418.524658203125
349,0.9205172657966614,0.1086101308465004,0.0,0.00044203357538208365,1228.779541015625
350,0.7462600469589233,0.5268597602844238,0.0,0.0009916987037286162,-1510.0731201171875
351,0.7328619956970215,0.5753020644187927,0.0,0.0007809695089235902,-1497.6851806640625
352,0.697705090045929,0.7354580760002136,0.0,0.000733843247871846,-1545.2891845703125
353,0.5910870432853699,1.5182143449783325,0.0,0.002083166968077421,-1485.58544921875
354,0.7215415835380554,0.6051869988441467,0.0,0.0008046700968407094,-1256.743896484375
355,0.960942268371582,0.04302855208516121,0.0,0.0003026303893420845,6440.87890625
356,0.8789705038070679,0.18846698105335236,0.0,0.0021478531416505575,-401.9466247558594
357,0.9339285492897034,0.09395061433315277,0.0,0.0012115200515836477,164.9320068359375
358,0.8378868103027344,0.27521198987960815,0.0,0.0022892572451382875,-1373.7606201171875
359,0.8395529985427856,0.27092674374580383,0.0,0.0019371010130271316,-1367.3837890625
360,0.8591012954711914,0.2284415066242218,0.0,0.0015474047977477312,-1147.933349609375
361,0.8414046764373779,0.2662266790866852,0.0,0.001381200272589922,-1330.3516845703125
362,0.8164123296737671,0.3253995478153229,0.0,0.0012130776885896921,-1462.2664794921875
363,0.787226140499115,0.40394315123558044,0.0,0.0009554235730320215,-1475.5072021484375
364,0.8899483680725098,0.1673637181520462,0.0,0.0008723093778826296,-516.96240234375
365,0.7048441171646118,0.725196123123169,0.0,0.0007370373932644725,-1550.6290283203125
366,0.8230922818183899,0.30329763889312744,0.0,0.0007273814408108592,-1374.43310546875
367,0.7329590916633606,0.5883045792579651,0.0,0.0005231530521996319,-1569.4859619140625
368,0.8100705742835999,0.3312821686267853,0.0,0.0005022226832807064,-1349.9771728515625
369,0.799257218837738,0.3580823540687561,0.0,0.00038957002107053995,-1233.2030029296875
370,0.6893957853317261,0.7791781425476074,0.0,0.0001980171218747273,-1495.852783203125
371,0.9234249591827393,0.10588834434747696,0.0,0.0005214039119891822,847.3316650390625
372,0.7330117225646973,0.5697848200798035,0.0,0.00016723378212191164,-1603.2396240234375
373,0.729383111000061,0.6009937524795532,0.0,0.000610393239185214,-1591.427490234375
374,0.6987667679786682,0.7404678463935852,0.0,0.0006607495597563684,-1572.349609375
375,0.7692012786865234,0.4407126307487488,0.0,0.0003896630078088492,-1495.011474609375
376,0.785656213760376,0.3862021863460541,0.0,0.0002978986012749374,-1054.9981689453125
377,0.9399806261062622,0.07775316387414932,0.0,0.0004451818240340799,2606.134033203125
378,0.7546104192733765,0.49674099683761597,0.0,0.0006475333357229829,-1464.524169921875
379,0.7085189819335938,0.6905168294906616,0.0,0.0031928590033203363,-1395.3704833984375
380,0.9432891607284546,0.07553230226039886,0.0,0.0008745268569327891,3447.390869140625
381,0.9669055342674255,0.040832869708538055,0.0,0.0006604051450267434,6531.94189453125
382,0.8116394877433777,0.32973769307136536,0.0,0.001411530771292746,-1167.4033203125
383,0.7773632407188416,0.4236319065093994,0.0,0.0014000370865687728,-1332.113037109375
384,0.7745382785797119,0.4298054873943329,0.0,0.0010865373769775033,-857.8284912109375
385,0.97663813829422,0.029476946219801903,0.0,0.0006391841452568769,6450.6142578125
386,0.8573124408721924,0.2337825745344162,0.0,0.001642282702960074,-1270.8199462890625
387,0.9539168477058411,0.06517137587070465,0.0,0.000909089925698936,-261.78350830078125
388,0.8114619255065918,0.3360641598701477,0.0,0.0013431922998279333,-1529.88818359375
389,0.7977615594863892,0.37015071511268616,0.0,0.0010932243894785643,-1475.8302001953125
390,0.9457131624221802,0.07820427417755127,0.0,0.0008354975725524127,-625.6549072265625
391,0.9540337920188904,0.06495915353298187,0.0,0.0007669616024941206,-354.54443359375
392,0.9506158828735352,0.07112317532300949,0.0,0.0007625132566317916,-679.2791137695312
393,0.8291265368461609,0.2909349501132965,0.0,0.0005789464921690524,-1368.3304443359375
394,0.8263221979141235,0.2954849302768707,0.0,0.0004782934847753495,-1362.9239501953125
395,0.9481305480003357,0.07499046623706818,0.0,0.0006981396581977606,-649.585205078125
396,0.7358889579772949,0.5775612592697144,0.0,0.000622867199126631,-1456.2733154296875
397,0.9583075046539307,0.058727413415908813,0.0,0.0006533344276249409,-253.0220184326172
398,0.8572334051132202,0.2396397888660431,0.0,0.0010277272667735815,-1494.48974609375
399,0.8515152335166931,0.2520048916339874,0.0,0.0014514779904857278,-1453.12548828125
400,0.6820563077926636,0.8582339882850647,0.0,0.0024785178247839212,-1581.1644287109375
401,0.8199391961097717,0.3195614218711853,0.0,0.001184713444672525,-1519.163330078125
402,0.8269867897033691,0.30248236656188965,0.0,0.001072338200174272,-1432.3077392578125
403,0.8002456426620483,0.3669576048851013,0.0,0.000953339971601963,-1503.210693359375
404,0.7676895260810852,0.45906659960746765,0.0,0.000760059745516628,-1597.0299072265625
405,0.7694233655929565,0.4622228145599365,0.0,0.0023146432358771563,-1586.7467041015625
406,0.7562901377677917,0.507102906703949,0.0,0.001880741328932345,-1581.0321044921875
407,0.7626831531524658,0.4759525954723358,0.0,0.0018415009835734963,-1468.669921875
408,0.7634092569351196,0.47221648693084717,0.0,0.0014006608398631215,-1461.1771240234375
409,0.9594107866287231,0.05668226629495621,0.0,0.0008623729227110744,270.4604797363281
410,0.8941658139228821,0.16720250248908997,0.0,0.0009892339585348964,-1338.541015625
411,0.8214612603187561,0.31264159083366394,0.0,0.001019229181110859,-1499.5755615234375
412,0.8215106725692749,0.3142049014568329,0.0,0.001110086333937943,-1414.808837890625
413,0.7013684511184692,0.7656508088111877,0.0,0.001174203585833311,-1574.551025390625
414,0.7358598709106445,0.5978458523750305,0.0,0.0013748486526310444,-1543.835205078125
415,0.9339595437049866,0.096773661673069,0.0,0.0008502865675836802,-714.3284912109375
416,0.9338656663894653,0.09653232246637344,0.0,0.0007909568375907838,-708.5740966796875
417,0.8499948978424072,0.24031902849674225,0.0,0.0006237319903448224,-712.7611083984375
418,0.9676886796951294,0.04379232972860336,0.0,0.0007054398884065449,1327.3814697265625
419,0.8671593070030212,0.21149814128875732,0.0,0.0005844537517987192,-1215.0823974609375
420,0.9582310914993286,0.059098321944475174,0.0,0.0007258399855345488,-328.54119873046875
421,0.9233797788619995,0.11765308678150177,0.0,0.0007190614705905318,-1298.5743408203125
422,0.7882950901985168,0.3975690007209778,0.0,0.0007329531363211572,-1541.862548828125
423,0.685672402381897,0.8226884007453918,0.0,0.0008615644183009863,-1559.578857421875
424,0.9390468597412109,0.08983349800109863,0.0,0.0006473838584497571,-928.447509765625
425,0.9532458186149597,0.06662098318338394,0.0,0.0006307627772912383,-428.13116455078125
426,0.953698456287384,0.06657573580741882,0.0,0.000728767307009548,-426.1010437011719
427,0.7716059684753418,0.5091425180435181,0.0,0.0011087290477007627,-1523.3570556640625
428,0.6422643661499023,1.3264139890670776,0.0,0.004546414595097303,-1474.881591796875
429,0.518057107925415,2.6815483570098877,0.0,0.006455426104366779,-1098.4967041015625
430,0.7775930166244507,0.42479854822158813,0.0,0.0013558190548792481,119.46572875976562
431,0.9403685927391052,0.08955895900726318,0.0,0.0008166085463017225,-1263.8370361328125
432,0.8389508724212646,0.27206841111183167,0.0,0.0007940258365124464,-1522.702392578125
433,0.7874716520309448,0.40619316697120667,0.0,0.002386018168181181,-1563.66064453125
434,0.9397467970848083,0.09294120967388153,0.0,0.0010770552325993776,-1185.43896484375
435,0.9453134536743164,0.0823882445693016,0.0,0.0010056071914732456,-1086.284423828125
436,0.8627423644065857,0.2279285341501236,0.0,0.0011645640479400754,-1385.177490234375
437,0.9527335166931152,0.07208763062953949,0.0,0.0013822674518451095,-846.4573974609375
438,0.7496650218963623,0.576502799987793,0.0,0.003706044517457485,-1537.0859375
439,0.6271944642066956,1.3177409172058105,0.0,0.004894985351711512,-1500.330810546875
440,0.9486470818519592,0.07926158607006073,0.0,0.001315637375228107,-1055.1959228515625
441,0.8490429520606995,0.2613651752471924,0.0,0.0016893181018531322,-1574.251953125
442,0.7849774956703186,0.4218040406703949,0.0,0.0014769523404538631,-1612.7757568359375
443,0.8004391193389893,0.3757166564464569,0.0,0.0016545820981264114,-1601.3428955078125
444,0.8290090560913086,0.30176231265068054,0.0,0.0013288415502756834,-1562.06396484375
445,0.7998672723770142,0.3728572130203247,0.0,0.001060319715179503,-1575.22998046875
446,0.8305858969688416,0.2940935492515564,0.0,0.0009092669934034348,-1466.0169677734375
447,0.9371992349624634,0.0970580130815506,0.0,0.001254645874723792,-1108.0618896484375
448,0.7994860410690308,0.3759908676147461,0.0,0.001346567296423018,-1564.48681640625
449,0.79914391040802,0.37550678849220276,0.0,0.0010769037762656808,-1557.899169921875
450,0.8348448276519775,0.28455087542533875,0.0,0.0008933419012464583,-1403.6834716796875
451,0.7127025723457336,0.709703266620636,0.0,0.0020278077572584152,-1552.240966796875
452,0.7940084338188171,0.3870372772216797,0.0,0.0011555812088772655,-1444.4912109375
453,0.9474072456359863,0.07756701111793518,0.0,0.0009885506005957723,-434.5546875
454,0.7579239010810852,0.525432288646698,0.0,0.0011828377610072494,-1546.4658203125
455,0.727576732635498,0.6505143642425537,0.0,0.0009985236683860421,-1503.79931640625
456,0.6238453984260559,1.335782766342163,0.0,0.0009445461328141391,-1468.8946533203125
457,0.9573243260383606,0.06096504256129265,0.0,0.0008632271783426404,190.7927703857422
458,0.821544885635376,0.3112797141075134,0.0,0.0005182096501812339,-1441.148681640625
459,0.684358537197113,0.8550220727920532,0.0,0.0003339210816193372,-1533.6998291015625
460,0.8256171941757202,0.29720091819763184,0.0,0.00039797674980945885,-1254.654541015625
461,0.7984896898269653,0.36646807193756104,0.0,0.00029324626666493714,-1355.256103515625
462,0.7677342295646667,0.4655945301055908,0.0,0.00023347651585936546,-1384.9730224609375
463,0.6769965887069702,0.9693655967712402,0.0,0.0008761414792388678,-1462.860107421875
464,0.9604719281196594,0.053619664162397385,0.0,0.0006923589389771223,1244.090576171875
465,0.9610891342163086,0.053173791617155075,0.0,0.0007505323737859726,1252.6337890625
466,0.9696786403656006,0.042337026447057724,0.0,0.0007639618124812841,1411.24951171875
467,0.9555933475494385,0.06421657651662827,0.0,0.0007281608413904905,-454.5447082519531
468,0.7644073963165283,0.49956169724464417,0.0,0.0011208365904167295,-1547.259765625
469,0.6193604469299316,1.3679535388946533,0.0,0.00140181474853307,-1464.4359130859375
470,0.9357346892356873,0.09740877151489258,0.0,0.0008040438988246024,-974.9725952148438
471,0.9486280083656311,0.07464202493429184,0.0,0.0007519874488934875,-571.7411499023438
472,0.9482348561286926,0.07488556951284409,0.0,0.0007100707152858377,-568.823974609375
473,0.9478069543838501,0.07522337883710861,0.0,0.0006778925308026373,-566.4804077148438
474,0.9473997354507446,0.07549238204956055,0.0,0.0006434887181967497,-559.9030151367188
475,0.8217930197715759,0.3007138669490814,0.0,0.0004541868984233588,-1328.8062744140625
476,0.9162596464157104,0.12537863850593567,0.0,0.0005067033343948424,-879.587646484375
477,0.7630648016929626,0.46108537912368774,0.0,0.0003158438776154071,-1584.8780517578125
478,0.7631452083587646,0.45814308524131775,0.0,0.0003078174777328968,-1546.0999755859375
479,0.7777214050292969,0.409105122089386,0.0,0.00029782659839838743,-1304.656494140625
480,0.9633821845054626,0.05044769495725632,0.0,0.000572632416151464,1019.956298828125
481,0.9776061177253723,0.033436600118875504,0.0,0.0006821373826824129,1510.1727294921875
482,0.7877193689346313,0.41397297382354736,0.0,0.0012672191951423883,-1558.1259765625
483,0.9573086500167847,0.06575963646173477,0.0,0.0008223947370424867,-1028.0115966796875
484,0.829903244972229,0.3049565255641937,0.0,0.0036238073371350765,-1589.718505859375
485,0.787783145904541,0.41570132970809937,0.0,0.003942054230719805,-1605.3829345703125
486,0.8232674598693848,0.31873515248298645,0.0,0.0027954508550465107,-1563.3154296875
487,0.8569797873497009,0.2443382740020752,0.0,0.0020744171924889088,-1466.317138671875
488,0.9512584805488586,0.07786315679550171,0.0,0.0012567905941978097,-1178.59716796875
489,0.8741345405578613,0.2170102447271347,0.0,0.0028646744322031736,-1503.99169921875
490,0.707364559173584,0.8220431804656982,0.0,0.00882805697619915,-1529.631591796875
491,0.6898980140686035,0.9261770844459534,0.0,0.0077834357507526875,-1519.162353515625
492,0.9216061234474182,0.12791194021701813,0.0,0.0023472849279642105,-1363.4063720703125
493,0.9230183362960815,0.12524765729904175,0.0,0.0021840448025614023,-1355.600830078125
494,0.893993079662323,0.17576435208320618,0.0,0.002206515520811081,-1417.0076904296875
495,0.8140332698822021,0.3398700952529907,0.0,0.0019528092816472054,-1500.97509765625
496,0.9377423524856567,0.10168121755123138,0.0,0.0018224978120997548,-1152.713134765625
497,0.8503060340881348,0.2588992118835449,0.0,0.0018809745088219643,-1419.177001953125
498,0.7798563241958618,0.4340132474899292,0.0,0.0016141155501827598,-1578.71533203125
499,0.787947952747345,0.40736261010169983,0.0,0.0015151586849242449,-1559.2841796875
500,0.786283016204834,0.41038084030151367,0.0,0.0015104467747732997,-1536.6202392578125
501,0.76564621925354,0.4777423143386841,0.0,0.0031142914667725563,-1541.345458984375
502,0.7613045573234558,0.49061840772628784,0.0,0.003397560678422451,-1480.8935546875
503,0.952146589756012,0.07574416697025299,0.0,0.0017456486821174622,-490.72265625
504,0.965600848197937,0.057981278747320175,0.0,0.002102846512570977,-149.20748901367188
505,0.787311851978302,0.4256865680217743,0.0,0.007676446810364723,-1577.616455078125
506,0.785787045955658,0.4285375475883484,0.0,0.0066266716457903385,-1567.134765625
507,0.783139169216156,0.4346994459629059,0.0,0.005557369906455278,-1551.178955078125
508,0.8265846967697144,0.3174518644809723,0.0,0.0040129260160028934,-1466.3326416015625
509,0.7798231244087219,0.43883952498435974,0.0,0.004370669834315777,-1546.0048828125
510,0.7798829078674316,0.4375515878200531,0.0,0.004019462037831545,-1537.41064453125
511,0.7468816041946411,0.5465478301048279,0.0,0.003169880248606205,-1541.20556640625
512,0.7622354030609131,0.4870442748069763,0.0,0.0024096958804875612,-1523.677734375
513,0.7563150525093079,0.5030945539474487,0.0,0.0019519967027008533,-1472.629638671875
514,0.9370450973510742,0.10030371695756912,0.0,0.002262154361233115,-564.3488159179688
515,0.7869795560836792,0.41513577103614807,0.0,0.0013688771286979318,-1560.4520263671875
516,0.7849206924438477,0.4192143380641937,0.0,0.0012795437360182405,-1552.889892578125
517,0.8042773604393005,0.36335912346839905,0.0,0.0013004830107092857,-1531.2071533203125
518,0.7574977278709412,0.5156145095825195,0.0,0.002998878713697195,-1538.5625
519,0.7680597901344299,0.4709482192993164,0.0,0.0021890653297305107,-1530.435546875
520,0.7682040333747864,0.4698338508605957,0.0,0.0022957080509513617,-1522.144775390625
521,0.7203581929206848,0.6515054702758789,0.0,0.002010355470702052,-1499.932373046875
522,0.8354723453521729,0.2791590392589569,0.0,0.001454609795473516,-1337.048583984375
523,0.8411320447921753,0.2659987509250641,0.0,0.001234046765603125,-1196.873046875
524,0.7665478587150574,0.48321643471717834,0.0,0.0013628618326038122,-1516.7445068359375
525,0.7650071978569031,0.4883590340614319,0.0,0.0016941153444349766,-1509.15087890625
526,0.7296012043952942,0.6202080845832825,0.0,0.0016159678343683481,-1499.2022705078125
527,0.6957487463951111,0.767096996307373,0.0,0.0013033357681706548,-1480.2877197265625
528,0.6917581558227539,0.7888633012771606,0.0,0.002401100005954504,-1470.096923828125
529,0.8151854276657104,0.3191079795360565,0.0,0.002016749233007431,-1227.9422607421875
530,0.7828421592712402,0.40287479758262634,0.0,0.002044730121269822,-1474.6456298828125
531,0.7738387584686279,0.42994290590286255,0.0,0.0021932395175099373,-1496.9617919921875
532,0.7534438371658325,0.5009439587593079,0.0,0.0018050698563456535,-1509.9130859375
533,0.7662400007247925,0.4505269527435303,0.0,0.0020987633615732193,-1487.980712890625
534,0.7659591436386108,0.4507909417152405,0.0,0.002122964709997177,-1481.007080078125
535,0.7375263571739197,0.5527441501617432,0.0,0.0017391585279256105,-1484.9775390625
536,0.7636160850524902,0.45190244913101196,0.0,0.001353151979856193,-1421.122314453125
537,0.7602705955505371,0.4590475559234619,0.0,0.0010255624074488878,-1195.6151123046875
538,0.9776390790939331,0.03309008851647377,0.0,0.0014598589623346925,4417.736328125
539,0.8937296867370605,0.16787242889404297,0.0,0.001107306801714003,-1019.3817749023438
540,0.7844349145889282,0.45506083965301514,0.0,0.0013327666092664003,-1502.581298828125
541,0.7837522625923157,0.45546597242355347,0.0,0.0010433505522087216,-1495.337890625
542,0.790593147277832,0.43041351437568665,0.0,0.0008853762992657721,-1484.694091796875
543,0.7708132266998291,0.49445444345474243,0.0,0.0006992819835431874,-1470.280029296875
544,0.8184529542922974,0.34279635548591614,0.0,0.0006161234923638403,-1335.06787109375
545,0.7767021656036377,0.521263837814331,0.0,0.0005415946361608803,-1343.0999755859375
546,0.6926438212394714,1.2244387865066528,0.0,0.0038402187637984753,-1311.8028564453125
547,0.6157146692276001,2.4601829051971436,0.0,0.008451289497315884,-1185.81201171875
548,0.5460438132286072,4.001555919647217,0.0,0.007413235493004322,-1016.528564453125
549,0.30328235030174255,5.706585884094238,0.0,0.022952917963266373,143.31932067871094
550,0.374749094247818,3.5858678817749023,0.0,0.006397926714271307,1939.188720703125
551,0.5388287901878357,1.4296035766601562,0.0,0.0021378512028604746,-1222.191650390625
552,0.9652624726295471,0.04903227835893631,0.0,0.0012885577743873,1159.568359375
553,0.8496028184890747,0.23585084080696106,0.0,0.0010979592334479094,-1517.482421875
554,0.7809596657752991,0.39040398597717285,0.0,0.0010408852249383926,-1532.547119140625
555,0.7718523144721985,0.41342511773109436,0.0,0.0011496611405164003,-1523.74755859375
556,0.8243674635887146,0.28622233867645264,0.0,0.0013079149648547173,-1494.0087890625
557,0.6948036551475525,0.6530698537826538,0.0,0.0012729340232908726,-1491.4412841796875
558,0.6124340891838074,0.9795027375221252,0.0,0.0009548841626383364,-1464.090576171875
559,0.8883771896362305,0.15694132447242737,0.0,0.0008646935457363725,-1244.4610595703125
560,0.8594802021980286,0.2091033160686493,0.0,0.0008576459949836135,-1336.541748046875
561,0.6385350227355957,0.8651948571205139,0.0,0.0050920480862259865,-1456.55810546875
562,0.5822573900222778,1.1345831155776978,0.0,0.0040672048926353455,-1439.195068359375
563,0.9183401465415955,0.11165285110473633,0.0,0.0012661132495850325,-776.013671875
564,0.9196184873580933,0.1106468215584755,0.0,0.0011715631699189544,-922.7532958984375
565,0.8896152973175049,0.15919330716133118,0.0,0.0011262453626841307,-1375.8812255859375
566,0.8731443285942078,0.19147175550460815,0.0,0.002064830157905817,-1443.088623046875
567,0.8064456582069397,0.3280714750289917,0.0,0.002374602248892188,-1517.26513671875
568,0.8000555634498596,0.3420134484767914,0.0,0.0020154225639998913,-1510.1151123046875
569,0.7648331522941589,0.4294356107711792,0.0,0.0018041732255369425,-1495.815673828125
570,0.8314639329910278,0.2671920955181122,0.0,0.0013646322768181562,-1463.7427978515625
571,0.8793545365333557,0.1754908710718155,0.0,0.0011660567251965404,-1299.48193359375
572,0.7012758851051331,0.6169767379760742,0.0,0.0008093767100945115,-1454.44140625
573,0.9010084867477417,0.13815702497959137,0.0,0.0009744978160597384,-1051.5673828125
574,0.8599873781204224,0.20889711380004883,0.0,0.0008436847128905356,-1345.94384765625
575,0.8586395978927612,0.21037256717681885,0.0,0.0007505647954531014,-1339.7474365234375
576,0.8566166758537292,0.21294911205768585,0.0,0.000652909919153899,-1335.096923828125
577,0.7356297969818115,0.49574044346809387,0.0,0.00041305168997496367,-1473.8701171875
578,0.7321454882621765,0.5026340484619141,0.0,0.00030081308796070516,-1468.18798828125
579,0.6636840105056763,0.7208380103111267,0.0,0.0001722038578009233,-1449.2689208984375
580,0.86564701795578,0.1879262775182724,0.0,0.00042144538019783795,-999.4468994140625
581,0.6671817302703857,0.7920215725898743,0.0,0.000625938642770052,-1399.2130126953125
582,0.9020017981529236,0.1272650957107544,0.0,0.0004923791857436299,-236.41830444335938
583,0.899737536907196,0.12979398667812347,0.0,0.00043846663902513683,-230.71640014648438
584,0.8628971576690674,0.1907115876674652,0.0,0.0003984236973337829,-1163.1461181640625
585,0.7513725161552429,0.4352567195892334,0.0,0.0003140009648632258,-1491.0594482421875
586,0.8259944319725037,0.2566232979297638,0.0,0.00025816826382651925,-1396.6229248046875
587,0.8316118717193604,0.24397441744804382,0.0,0.00021864575683139265,-1314.960693359375
588,0.8472533226013184,0.2209777981042862,0.0,0.00045768398558720946,-1221.658203125
589,0.6834501624107361,0.6649810671806335,0.0,0.0007112721214070916,-1473.890625
590,0.6798318028450012,0.6776813864707947,0.0,0.0008602192392572761,-1466.23828125
591,0.8210986256599426,0.2714303135871887,0.0,0.0004627410671673715,-1346.450927734375
592,0.7782297730445862,0.3693207800388336,0.0,0.00040542325587011874,-1430.82421875
593,0.8229807615280151,0.26567542552948,0.0,0.00031812532688491046,-1106.3431396484375
594,0.7062956690788269,0.5659553408622742,0.0,0.0002403097751084715,-1458.7467041015625
595,0.6549105644226074,0.7554742693901062,0.0,0.0004979420336894691,-1465.3408203125
596,0.5935139060020447,1.0360350608825684,0.0,0.00037718037492595613,-1442.4381103515625
597,0.6875048875808716,0.6126898527145386,0.0,0.0002217979053966701,-1385.01953125
598,0.8660572171211243,0.17213277518749237,0.0,0.00023128712200559676,676.40380859375
599,0.7277010083198547,0.48477673530578613,0.0,0.00017329512047581375,-1482.1090087890625
600,0.6943390965461731,0.5886734127998352,0.0,0.0003061853931285441,-1478.2347412109375
601,0.7373602390289307,0.4661851227283478,0.0,0.0013050561537966132,-1344.22021484375
602,0.7784945368766785,0.3604029715061188,0.0,0.0010159758385270834,-522.1016235351562
603,0.6321250796318054,1.2590358257293701,0.0,0.0021147511433809996,-1203.5198974609375
604,0.41253724694252014,2.635026693344116,0.0,0.0014166580513119698,256.2525939941406
605,0.7427849173545837,0.41823408007621765,0.0,0.0007806713692843914,7744.23779296875
606,0.8864629864692688,0.14514082670211792,0.0,0.0004735652182716876,-986.905029296875
607,0.868602454662323,0.17585378885269165,0.0,0.0005693658022210002,-1327.14892578125
608,0.8552772402763367,0.1993441879749298,0.0,0.0005104239680804312,-1432.842041015625
609,0.840115487575531,0.22739043831825256,0.0,0.00048461538972333074,-1475.90625
610,0.7699163556098938,0.3787226378917694,0.0,0.0008103324798867106,-1513.15673828125
611,0.8368109464645386,0.23715665936470032,0.0,0.001282585901208222,-1410.25
612,0.6768485903739929,0.6491945385932922,0.0,0.0018815811490640044,-1488.4326171875
613,0.6284074187278748,0.8202316761016846,0.0,0.001913322601467371,-1465.5286865234375
614,0.8672990798950195,0.17844659090042114,0.0,0.0011392864398658276,-1109.746337890625
615,0.8505744338035583,0.2092152237892151,0.0,0.0011005944106727839,-1321.9166259765625
616,0.8132616281509399,0.2817540168762207,0.0,0.001151334960013628,-1474.228759765625
617,0.8064476847648621,0.2949388027191162,0.0,0.0009544843342155218,-1457.4093017578125
618,0.7105884552001953,0.539344310760498,0.0,0.0007624965510331094,-1491.8828125
619,0.7702325582504272,0.3662624657154083,0.0,0.000613298499956727,-1447.7467041015625
620,0.7696723341941833,0.36694619059562683,0.0,0.0006348939496092498,-1440.6956787109375
621,0.636153519153595,0.7575279474258423,0.0,0.0008923840941861272,-1450.4173583984375
622,0.8652933239936829,0.17808717489242554,0.0,0.001247260719537735,-729.9016723632812
623,0.8267666697502136,0.24695153534412384,0.0,0.001242099329829216,-1307.8291015625
624,0.7524275779724121,0.41004395484924316,0.0,0.0012964997440576553,-1472.4801025390625
625,0.6238470077514648,0.808395504951477,0.0,0.0010184583952650428,-1456.8876953125
626,0.8158006072044373,0.2642127275466919,0.0,0.0011507697636261582,-1209.9853515625
627,0.8214053511619568,0.2519699037075043,0.0,0.0009346867445856333,-813.52734375
628,0.9156433939933777,0.0992119312286377,0.0,0.0007183131529018283,2236.956787109375
629,0.905947744846344,0.11427011340856552,0.0,0.0006879459833726287,666.5825805664062
630,0.802986204624176,0.29883402585983276,0.0,0.0007700175046920776,-1401.1180419921875
631,0.5884106755256653,0.985302209854126,0.0,0.0006979466998018324,-1432.753662109375
632,0.8162614107131958,0.2661500871181488,0.0,0.0005270419060252607,-1122.8284912109375
633,0.9038763642311096,0.11602167040109634,0.0,0.0006279945373535156,740.324951171875
634,0.9036291241645813,0.11586941033601761,0.0,0.0005653643165715039,745.6514892578125
635,0.9065520763397217,0.11282120645046234,0.0,0.0005197837017476559,396.57733154296875
636,0.7888460755348206,0.32557186484336853,0.0,0.0005208196816965938,-1516.576171875
637,0.8350038528442383,0.23060548305511475,0.0,0.0004514391184784472,-1451.4801025390625
638,0.8299107551574707,0.23962493240833282,0.0,0.000524173432495445,-1446.0499267578125
639,0.8297144174575806,0.23916202783584595,0.0,0.0004566921852529049,-1439.8040771484375
640,0.7956904172897339,0.3175724446773529,0.0,0.0016071537975221872,-1476.867919921875
641,0.8356011509895325,0.2357693314552307,0.0,0.0011388006387278438,-1335.185546875
642,0.6669708490371704,0.66134113073349,0.0,0.0026745740324258804,-1463.48486328125
643,0.6639832258224487,0.6729834079742432,0.0,0.005603484343737364,-1453.4810791015625
644,0.851158618927002,0.20480115711688995,0.0,0.0021757588256150484,-964.2584228515625
645,0.8178446292877197,0.26763251423835754,0.0,0.0021884844172745943,-1181.755859375
646,0.7145059108734131,0.5145547389984131,0.0,0.008424529805779457,-1344.623046875
647,0.8854135274887085,0.14849115908145905,0.0,0.002929437905550003,767.49072265625
648,0.8924499154090881,0.13966365158557892,0.0,0.002528828103095293,682.5482177734375
649,0.7915723323822021,0.3342573642730713,0.0,0.0035535283386707306,-1433.2626953125
650,0.7988144159317017,0.31705373525619507,0.0,0.0028119103517383337,-1344.44677734375
651,0.8010627627372742,0.3124517500400543,0.0,0.0023662475869059563,-1130.406494140625
652,0.6646186113357544,0.7088030576705933,0.0,0.002261078217998147,-1312.716796875
653,0.9141973257064819,0.10530564188957214,0.0,0.0016758707351982594,2172.457763671875
654,0.9145941138267517,0.10451040416955948,0.0,0.001575890346430242,2179.985595703125
655,0.668461799621582,0.6337969899177551,0.0,0.0009911258239299059,-1415.5460205078125
656,0.8817744851112366,0.1530505120754242,0.0,0.0013621269026771188,-553.7337646484375
657,0.8723177313804626,0.1673552244901657,0.0,0.0012129972456023097,-817.116455078125
658,0.8708600401878357,0.1687679886817932,0.0,0.0010596091160550714,-814.9872436523438
659,0.7280986905097961,0.46029675006866455,0.0,0.0010052364086732268,-1450.1016845703125
660,0.8542936444282532,0.19490371644496918,0.0,0.0009635348105803132,-1002.0875854492188
661,0.8749598264694214,0.16407813131809235,0.0,0.001447092741727829,-675.3591918945312
662,0.7661595940589905,0.3747357130050659,0.0,0.0014462200924754143,-1393.6871337890625
663,0.8796667456626892,0.1556861847639084,0.0,0.0011060256510972977,-564.6986694335938
664,0.7484183311462402,0.4221551716327667,0.0,0.0010783688630908728,-1490.3629150390625
665,0.7839174270629883,0.3368956446647644,0.0,0.001922893337905407,-1452.150146484375
666,0.7840356826782227,0.3357955813407898,0.0,0.00152333895675838,-1445.52978515625
667,0.8463858366012573,0.21095725893974304,0.0,0.0011329891858622432,-1202.62158203125
668,0.8056609034538269,0.28739479184150696,0.0,0.0009464606991969049,-1355.55126953125
669,0.8600672483444214,0.18520544469356537,0.0,0.0008310573175549507,-837.73095703125
670,0.8422757983207703,0.21775689721107483,0.0,0.0008810259168967605,-1109.7430419921875
671,0.8368047475814819,0.22996725142002106,0.0,0.0009520130115561187,-1049.385498046875
672,0.7609285116195679,0.41059866547584534,0.0,0.0011942270211875439,-1305.595947265625
673,0.5130635499954224,1.3761690855026245,0.0,0.0012089347001165152,-1171.849365234375
674,0.3952266573905945,2.6163182258605957,0.0,0.003408445743843913,-1252.7120361328125
675,0.724242091178894,0.46235185861587524,0.0,0.0016390257515013218,305.44720458984375
676,0.751902163028717,0.39782923460006714,0.0,0.0011252067051827908,-1236.1220703125
677,0.8770098090171814,0.15503476560115814,0.0,0.0008303765789605677,899.3837890625
678,0.8239020705223083,0.25983157753944397,0.0,0.0011037206277251244,-674.490478515625
679,0.6097128391265869,1.0870248079299927,0.0,0.001502048340626061,-1305.0751953125
680,0.47757670283317566,1.9885145425796509,0.0,0.0009491981472820044,-1303.9693603515625
681,0.3140868842601776,3.4347667694091797,0.0,0.0007654477376490831,-1147.3756103515625
682,0.515335202217102,1.2403963804244995,0.0,0.00214858865365386,2777.413330078125
683,0.732408881187439,0.456758588552475,0.0,0.0008770443382672966,-1107.1256103515625
684,0.574614942073822,0.9617051482200623,0.0,0.0008704773499630392,-1338.378662109375
685,0.46136149764060974,1.5597273111343384,0.0,0.0009124777861870825,-1343.434814453125
686,0.926178514957428,0.0847756564617157,0.0,0.0007492197910323739,5046.14599609375
687,0.8709249496459961,0.1666926145553589,0.0,0.0007466173847205937,-774.3451538085938
688,0.8708506226539612,0.16640718281269073,0.0,0.0007009981200098991,-767.3507080078125
689,0.8372464179992676,0.22345110774040222,0.0,0.0006075797136873007,-1231.595947265625
690,0.7985062599182129,0.29497018456459045,0.0,0.00048439085367135704,-1339.4937744140625
691,0.6888701915740967,0.5341028571128845,0.0,0.00028674982604570687,-1402.4954833984375
692,0.8683961033821106,0.16727274656295776,0.0,0.0003980611509177834,-257.0093994140625
693,0.6325116157531738,0.8004280924797058,0.0,0.00026328611420467496,-1386.959228515625
694,0.4143960475921631,1.7862485647201538,0.0,0.0007709685596637428,-1388.3165283203125
695,0.37282055616378784,2.1659622192382812,0.0,0.002315677935257554,-1382.423828125
696,0.9072230458259583,0.09966880083084106,0.0,0.0004865677619818598,1046.047607421875
697,0.6873555183410645,0.5807440876960754,0.0,0.0003978726454079151,-1422.686767578125
698,0.48002052307128906,1.3269283771514893,0.0,0.00022031897970009595,-1438.79931640625
699,0.4317381680011749,1.6598138809204102,0.0,0.0023150003980845213,-1409.5885009765625
700,0.896428108215332,0.1248197928071022,0.0,0.0006647833506576717,408.8101501464844
701,0.6737709641456604,0.5920655727386475,0.0,0.0011544981971383095,-1460.5423583984375
702,0.4875013828277588,1.2896196842193604,0.0,0.0007620475953444839,-1438.7783203125
703,0.877640962600708,0.1542062759399414,0.0,0.0005501681589521468,-735.4037475585938
704,0.8298734426498413,0.23578901588916779,0.0,0.0005065751611255109,-1444.119140625
705,0.8249313831329346,0.2439463883638382,0.0,0.0004470025305636227,-1441.1409912109375
706,0.8220415711402893,0.24849385023117065,0.0,0.0003956776054110378,-1426.8935546875
707,0.7553777694702148,0.37431225180625916,0.0,0.00028080426272936165,-1493.6640625
708,0.7568840980529785,0.3745132386684418,0.0,0.0004712951194960624,-1487.083984375
709,0.8015068769454956,0.28423434495925903,0.0,0.00036775614717043936,-1398.0899658203125
710,0.5650109052658081,0.9133780002593994,0.0,0.0013546422123908997,-1476.6160888671875
711,0.6822410821914673,0.5380104184150696,0.0,0.0006663938402198255,-1442.93017578125
712,0.8590971231460571,0.17900274693965912,0.0,0.00040972986607812345,-793.381591796875
713,0.8189087510108948,0.2529086172580719,0.0,0.0009528615046292543,-1137.8668212890625
714,0.8796865940093994,0.14967511594295502,0.0,0.0006553746061399579,-50.51177978515625
715,0.7965906858444214,0.2971479892730713,0.0,0.0007283629383891821,-1383.738037109375
716,0.7210817933082581,0.45162269473075867,0.0,0.0005929098697379231,-1405.1497802734375
717,0.8625386357307434,0.1761290431022644,0.0,0.0004892454016953707,-537.8861083984375
718,0.5915946960449219,0.8120366930961609,0.0,0.0002826929558068514,-1425.51513671875
719,0.8760380148887634,0.15339291095733643,0.0,0.0003771670744754374,53.02093505859375
720,0.6969037652015686,0.5101054906845093,0.0,0.0005296051385812461,-1508.639892578125
721,0.6960880160331726,0.5103895664215088,0.0,0.0003681054222397506,-1502.356689453125
722,0.8063991665840149,0.27210110425949097,0.0,0.0003421961737331003,-1422.2674560546875
723,0.7902225255966187,0.3029712438583374,0.0,0.00040685111889615655,-1462.7432861328125
724,0.7846276760101318,0.31386899948120117,0.0,0.0004953470197506249,-1458.373291015625
725,0.774668276309967,0.332120418548584,0.0,0.00039704100345261395,-1460.5638427734375
726,0.7703644633293152,0.33938974142074585,0.0,0.0003583075013011694,-1438.00439453125
727,0.7737761735916138,0.33356210589408875,0.0,0.000517301436048001,-1371.742431640625
728,0.7423114776611328,0.40112483501434326,0.0,0.0009826334426179528,-1368.0355224609375
729,0.705953061580658,0.4860162138938904,0.0,0.0008133818628266454,-1283.007568359375
730,0.4485558569431305,1.5247153043746948,0.0,0.0019620193634182215,-965.8939208984375
731,0.8593888878822327,0.1717546433210373,0.0,0.0005448732990771532,1001.1048583984375
732,0.8288969993591309,0.22097323834896088,0.0,0.0004932016017846763,454.2684020996094
733,0.9092156887054443,0.09958213567733765,0.0,0.0003938846930395812,6369.42919921875
734,0.7986007332801819,0.28229668736457825,0.0,0.0004214087384752929,-1034.022705078125
735,0.7420079708099365,0.39277124404907227,0.0,0.00047988424194045365,-1163.3897705078125
736,0.6089904308319092,0.7472615242004395,0.0,0.00566015625372529,-1435.5908203125
737,0.615399956703186,0.7227460741996765,0.0,0.0033790417946875095,-1215.3687744140625
738,0.9016572833061218,0.11652357131242752,0.0,0.0009857522090896964,4355.92138671875
739,0.9065123200416565,0.11068733036518097,0.0,0.000874510791618377,3325.884765625
740,0.8696069121360779,0.16939540207386017,0.0,0.001272324938327074,-331.63336181640625
741,0.7719293236732483,0.358918160200119,0.0,0.004751561209559441,-1422.6595458984375
742,0.8007853031158447,0.2999734580516815,0.0,0.0033476692624390125,-1201.2484130859375
743,0.5116654634475708,1.1387338638305664,0.0,0.003997299820184708,-1459.39306640625
744,0.578133225440979,0.8564517498016357,0.0,0.00327365193516016,-1418.1746826171875
745,0.8660113215446472,0.17441481351852417,0.0,0.0021160761825740337,306.27557373046875
746,0.7636669874191284,0.3621346652507782,0.0,0.002079702913761139,-1418.282958984375
747,0.817801833152771,0.2555631697177887,0.0,0.0016581752570345998,-1083.0484619140625
748,0.8143941760063171,0.2601163387298584,0.0,0.0013495417078956962,-920.9583740234375
749,0.7925387024879456,0.29881131649017334,0.0,0.0011350400745868683,-731.3612670898438
750,0.8782069087028503,0.15142758190631866,0.0,0.0011492923367768526,2506.78515625
751,0.8346812129020691,0.22443094849586487,0.0,0.0012995029101148248,488.75726318359375
752,0.5589509010314941,0.9039574265480042,0.0,0.0010798451257869601,-1302.25927734375
753,0.9070037603378296,0.10933580249547958,0.0,0.0010102472733706236,6357.5361328125
754,0.9321642518043518,0.07790674269199371,0.0,0.0009334815549664199,6482.849609375
755,0.8836965560913086,0.14944574236869812,0.0,0.001233495306223631,-230.12454223632812
756,0.8525598645210266,0.20054849982261658,0.0,0.0011317903408780694,-780.3534545898438
757,0.9002829194068909,0.12438149750232697,0.0,0.001193386153317988,716.9866943359375
758,0.9003137946128845,0.1238538920879364,0.0,0.0010718133999034762,721.1717529296875
759,0.8883110284805298,0.142389714717865,0.0,0.001005869242362678,-144.69479370117188
760,0.7883880138397217,0.3158971071243286,0.0,0.0008305204100906849,-1470.143310546875
761,0.78720623254776,0.31668999791145325,0.0,0.0006644199602305889,-1463.4141845703125
762,0.8336198925971985,0.2287301868200302,0.0,0.0006517271976917982,-1248.126953125
763,0.8087639808654785,0.272192120552063,0.0,0.0004977114149369299,-1333.160400390625
764,0.6295254230499268,0.6976437568664551,0.0,0.0006950030801817775,-1480.87353515625
765,0.822742760181427,0.24435652792453766,0.0,0.0005743765505030751,-1027.020263671875
766,0.7900272011756897,0.3051711916923523,0.0,0.0006699233781546354,-940.3800048828125
767,0.9118095636367798,0.10372409969568253,0.0,0.0006428036140277982,2435.4375
768,0.6604377627372742,0.6103999018669128,0.0,0.0004577291547320783,-1455.1768798828125
769,0.8843234181404114,0.1449473798274994,0.0,0.0007189263706095517,-253.4315948486328
770,0.8114839196205139,0.2703201472759247,0.0,0.0006831485661678016,-1426.2978515625
771,0.809408962726593,0.2762807607650757,0.0,0.001106719020754099,-1337.4891357421875
772,0.591265082359314,0.8366362452507019,0.0,0.0014653591206297278,-1466.1630859375
773,0.8649941682815552,0.1742778867483139,0.0,0.0007247679168358445,-614.561767578125
774,0.8772473335266113,0.1547369807958603,0.0,0.0006265892880037427,-233.72821044921875
775,0.8222067952156067,0.2494400441646576,0.0,0.0007264273590408266,-1151.976318359375
776,0.6604434847831726,0.6096885204315186,0.0,0.0007106381235644221,-1412.457275390625
777,0.8810725808143616,0.14732478559017181,0.0,0.0005406730342656374,322.8955993652344
778,0.9041943550109863,0.11763951182365417,0.0,0.0009304173290729523,935.9751586914062
779,0.8593140244483948,0.1889953762292862,0.0,0.0011296237353235483,-907.6502075195312
780,0.8846306800842285,0.14797966182231903,0.0,0.0009036019910126925,-264.971435546875
781,0.6143097877502441,0.7815154194831848,0.0,0.0009795171208679676,-1411.2335205078125
782,0.8975883722305298,0.12862934172153473,0.0,0.0007715513929724693,156.88525390625
783,0.8893133997917175,0.14124441146850586,0.0,0.0007048329571262002,-425.599609375
784,0.690332293510437,0.5585705041885376,0.0,0.0012771631591022015,-1502.6983642578125
785,0.8361812829971313,0.23263467848300934,0.0,0.0007984593394212425,-1293.699951171875
786,0.8665326237678528,0.17844520509243011,0.0,0.0009298520162701607,-826.2498779296875
787,0.8668370842933655,0.17753538489341736,0.0,0.0008549835765734315,-820.8035888671875
788,0.6602156758308411,0.6344261765480042,0.0,0.0008507600286975503,-1455.4888916015625
789,0.8746349811553955,0.16428793966770172,0.0,0.0007065216195769608,-417.88311767578125
790,0.5662615895271301,0.950485348701477,0.0,0.0005762391956523061,-1479.3690185546875
791,0.7597602009773254,0.3797691762447357,0.0,0.0004822606861125678,-1376.725341796875
792,0.6672802567481995,0.5899538993835449,0.0,0.00032477403874509037,-1487.4923095703125
793,0.6442074775695801,0.6536368727684021,0.0,0.0005672623519785702,-1473.3544921875
794,0.6158129572868347,0.7341526746749878,0.0,0.00045285047963261604,-1402.593505859375
795,0.8888946771621704,0.13132941722869873,0.0,0.0004350973467808217,1194.797119140625
796,0.8635015487670898,0.17316901683807373,0.0,0.0003416661929804832,36.07997131347656
797,0.6274923086166382,0.728615403175354,0.0,0.0011275747092440724,-1391.3583984375
798,0.9168457388877869,0.09964634478092194,0.0,0.0007934985915198922,2188.4736328125
799,0.83902907371521,0.22327768802642822,0.0,0.001064168638549745,-1353.253662109375
800,0.8314743638038635,0.2352733165025711,0.0,0.0010917274048551917,-1354.63818359375
801,0.8322586417198181,0.2335461676120758,0.0,0.00101671670563519,-1347.50732421875
802,0.8248246312141418,0.24584272503852844,0.0,0.0008551748469471931,-1336.5101318359375
803,0.8317087888717651,0.23231928050518036,0.0,0.0007000307668931782,-1182.1199951171875
804,0.8545513153076172,0.19231657683849335,0.0,0.0005857346695847809,-727.547119140625
805,0.8721878528594971,0.1642349362373352,0.0,0.000578101840801537,-124.30418395996094
806,0.7438556551933289,0.407034307718277,0.0,0.0010151076130568981,-1460.8970947265625
807,0.7447884678840637,0.40387335419654846,0.0,0.0007688812329433858,-1454.643798828125
808,0.8041417598724365,0.28244704008102417,0.0,0.0010024982038885355,-1065.6468505859375
809,0.7566657066345215,0.3761243522167206,0.0,0.0008638543076813221,-1005.112548828125
810,0.9274688959121704,0.08504212647676468,0.0,0.0006986518274061382,3479.34326171875
811,0.7988042831420898,0.30285459756851196,0.0,0.0008150703506544232,-1292.8472900390625
812,0.8065152764320374,0.28953590989112854,0.0,0.0010298141278326511,-888.7549438476562
813,0.5616477131843567,0.9695439338684082,0.0,0.0016037594759836793,-1481.4586181640625
814,0.559768795967102,0.9713724851608276,0.0,0.0008967390167526901,-1377.51416015625
815,0.953132688999176,0.05445728823542595,0.0,0.0006410286878235638,3849.956787109375
816,0.8959430456161499,0.13397420942783356,0.0,0.0005897224182263017,-1209.5343017578125
817,0.8811275959014893,0.15680013597011566,0.0,0.0005892810877412558,-1353.80322265625
818,0.8968080878257751,0.13277840614318848,0.0,0.0005374112515710294,-1244.9190673828125
819,0.8447244167327881,0.21529115736484528,0.0,0.0004350264207459986,-1532.0595703125
820,0.8550838828086853,0.19776488840579987,0.0,0.0004771229578182101,-1495.277587890625
821,0.8710473775863647,0.1709875613451004,0.0,0.00043281857506372035,-1427.4495849609375
822,0.8631578683853149,0.1840064823627472,0.0,0.00046966702211648226,-1436.94482421875
823,0.8833234310150146,0.1521133929491043,0.0,0.0004761460004374385,-1321.744140625
824,0.8685845136642456,0.1767270267009735,0.0,0.0005827978020533919,-1433.41748046875
825,0.8409850001335144,0.22401271760463715,0.0,0.0007947381818667054,-1493.8551025390625
826,0.8625550866127014,0.18824391067028046,0.0,0.0009020703728310764,-1401.125
827,0.6313710808753967,0.7644169926643372,0.0,0.001470016548410058,-1494.3297119140625
828,0.4678756296634674,1.5469411611557007,0.0,0.0008886934956535697,-1444.1761474609375
829,0.8484383821487427,0.20770590007305145,0.0,0.0005975383101031184,-1374.2843017578125
830,0.889298677444458,0.14230230450630188,0.0,0.0005158847197890282,-1030.201171875
831,0.7776752710342407,0.34101346135139465,0.0,0.0003739958629012108,-1507.8935546875
832,0.6842159032821655,0.5467599034309387,0.0,0.00022650128812529147,-1502.7799072265625
833,0.8709263801574707,0.1701546162366867,0.0,0.00040645006811246276,-1094.5966796875
834,0.6093449592590332,0.8198246955871582,0.0,0.0005766094545833766,-1474.931640625
835,0.5115231275558472,1.232037901878357,0.0,0.0006413490045815706,-1464.738037109375
836,0.40671655535697937,1.9102628231048584,0.0,0.00045550792128778994,-1430.35693359375
837,0.8911053538322449,0.1307746022939682,0.0,0.00031767936889082193,-441.7109375
838,0.8187730312347412,0.249892458319664,0.0,0.0002849152951966971,-1410.3316650390625
839,0.8720629215240479,0.1623530387878418,0.0,0.00027378532104194164,-1037.550537109375
840,0.8233281373977661,0.24356260895729065,0.0,0.00020153167133685201,-1424.8739013671875
841,0.6128654479980469,0.7338294982910156,0.0,0.0001396687002852559,-1533.501220703125
842,0.7042233347892761,0.4845998287200928,0.0,0.00022162172535900027,-1521.723876953125
843,0.5769616365432739,0.8466792702674866,0.0,0.0006211629952304065,-1507.7626953125
844,0.8460037112236023,0.20033541321754456,0.0,0.0002459653187543154,-1118.093017578125
845,0.7174199223518372,0.44770094752311707,0.0,0.00021323031978681684,-1538.90869140625
846,0.6257744431495667,0.7149588465690613,0.0,0.0020364890806376934,-1517.1209716796875
847,0.7835983633995056,0.3225626051425934,0.0,0.0011566260363906622,-1396.6436767578125
848,0.7643450498580933,0.3567960560321808,0.0,0.0019335669931024313,-1238.14013671875
849,0.7678093314170837,0.3493835926055908,0.0,0.0014668196672573686,-1230.83544921875
850,0.9098222255706787,0.10874254256486893,0.0,0.0007016913732513785,777.217529296875
851,0.8716132640838623,0.16660574078559875,0.0,0.0007987883873283863,-1024.252685546875
852,0.8391660451889038,0.22515691816806793,0.0,0.0025729334447532892,-1283.2236328125
853,0.797180712223053,0.3021398186683655,0.0,0.005046919919550419,-1395.081787109375
854,0.84232497215271,0.2197137027978897,0.0,0.0033364142291247845,-1060.3314208984375
855,0.7027826309204102,0.5084562301635742,0.0,0.004448095336556435,-1462.240478515625
856,0.8511224985122681,0.20345617830753326,0.0,0.0025361645966768265,-796.213134765625
857,0.7613357305526733,0.3685910701751709,0.0,0.002790470141917467,-1357.819091796875
858,0.7610403299331665,0.3677179217338562,0.0,0.0021392034832388163,-1350.3455810546875
859,0.8421911597251892,0.21660742163658142,0.0,0.0027387647423893213,-470.1921081542969
860,0.8979716897010803,0.12898392975330353,0.0,0.0020844019018113613,1486.740966796875
861,0.7252264618873596,0.4515887200832367,0.0,0.0033741588704288006,-1448.811767578125
862,0.8412603735923767,0.2193508744239807,0.0,0.0022862879559397697,-842.033447265625
863,0.8861473798751831,0.14755003154277802,0.0,0.0020145331509411335,283.0725402832031
864,0.8106816411018372,0.2739904522895813,0.0,0.0020923635456711054,-1351.6226806640625
865,0.8409536480903625,0.2197481095790863,0.0,0.001731306896544993,-1068.531005859375
866,0.7688717842102051,0.35181790590286255,0.0,0.0014184596948325634,-1490.1378173828125
867,0.7617591023445129,0.3638867139816284,0.0,0.0011552820215001702,-1470.0526123046875
868,0.7301205396652222,0.428931325674057,0.0,0.00091198505833745,-1458.8790283203125
869,0.807798445224762,0.2732170522212982,0.0,0.0015003546141088009,-1091.6708984375
870,0.7884467840194702,0.3083711266517639,0.0,0.0015091535169631243,-896.3605346679688
871,0.9018058180809021,0.12091720104217529,0.0,0.0013017113087698817,2192.56689453125
872,0.6705209612846375,0.5996153354644775,0.0,0.0008714206633158028,-1487.2059326171875
873,0.786106288433075,0.3197163939476013,0.0,0.0009580586338415742,-1275.0155029296875
874,0.5193430185317993,1.1751693487167358,0.0,0.0008582723094150424,-1345.6632080078125
875,0.8726834654808044,0.16204658150672913,0.0,0.0008438456570729613,8.496566772460938
876,0.747803270816803,0.3900589942932129,0.0,0.00045171112287789583,-1502.298095703125
877,0.8034728169441223,0.2756827175617218,0.0,0.00043689057929441333,-1357.5732421875
878,0.7687262296676636,0.3481557369232178,0.0,0.0006919066072441638,-1422.91357421875
879,0.8365461230278015,0.21906571090221405,0.0,0.0006910753436386585,-915.205810546875
880,0.7512460947036743,0.3899088501930237,0.0,0.0005610656226053834,-1433.196044921875
881,0.6062516570091248,0.8087805509567261,0.0,0.0003983693022746593,-1461.494873046875
882,0.836258590221405,0.2167859971523285,0.0,0.0005943988217040896,-639.760986328125
883,0.608104407787323,0.8118569850921631,0.0,0.0014617580454796553,-1483.6727294921875
884,0.5998072028160095,0.8379868865013123,0.0,0.000937882112339139,-1469.041015625
885,0.8076636791229248,0.26515692472457886,0.0,0.0005215952987782657,-1015.882568359375
886,0.7345908880233765,0.41539284586906433,0.0,0.0004092510789632797,-1422.6124267578125
887,0.792614221572876,0.3049744963645935,0.0,0.0016144437249749899,-897.8230590820312
888,0.6104779839515686,0.8264986276626587,0.0,0.0022962468210607767,-1376.0313720703125
889,0.8765612840652466,0.15331768989562988,0.0,0.0010554483160376549,2306.556640625
890,0.7320060729980469,0.43781712651252747,0.0,0.003966297954320908,-1309.0347900390625
891,0.827484130859375,0.23627351224422455,0.0,0.002410764107480645,397.5096740722656
892,0.8811377882957458,0.14931975305080414,0.0,0.0019320399733260274,4104.41455078125
893,0.7769789695739746,0.3402427136898041,0.0,0.0025339953135699034,-294.22711181640625
894,0.6062576770782471,0.8367252945899963,0.0,0.002337637823075056,-1174.62255859375
895,0.9713631272315979,0.03450964391231537,0.0,0.0011448045261204243,10738.1298828125
896,0.8112805485725403,0.27852123975753784,0.0,0.0013975026085972786,-1310.4110107421875
897,0.8975613713264465,0.12939392030239105,0.0,0.0011620211880654097,-110.22642517089844
898,0.8972773551940918,0.12927821278572083,0.0,0.0010503215016797185,-103.09934997558594
899,0.7824884653091431,0.3228713572025299,0.0,0.0006729215965606272,-1457.1336669921875
900,0.8276941180229187,0.2365543693304062,0.0,0.0006610805867239833,-1180.9373779296875
901,0.8819982409477234,0.14951519668102264,0.0,0.0007119495421648026,-463.2210998535156
902,0.8475599884986877,0.2031092792749405,0.0,0.0006497863214462996,-1123.029052734375
903,0.8597250580787659,0.18982785940170288,0.0,0.0013837867882102728,-1091.588134765625
904,0.7889360189437866,0.3202798366546631,0.0,0.001396604347974062,-1457.35595703125
905,0.8432111144065857,0.21611525118350983,0.0,0.001029257196933031,-1176.9356689453125
906,0.8125243186950684,0.27145490050315857,0.0,0.0008715979638509452,-1293.3983154296875
907,0.6949799656867981,0.5407106280326843,0.0,0.0006193078006617725,-1441.911376953125
908,0.8612686395645142,0.18168458342552185,0.0,0.0006589983240701258,-378.1317138671875
909,0.7006050944328308,0.5181223154067993,0.0,0.0004184505087323487,-1318.3409423828125
910,0.9158440828323364,0.10029911994934082,0.0,0.0006578157772310078,1739.0587158203125
911,0.7953877449035645,0.29447290301322937,0.0,0.0003341873234603554,-1028.8724365234375
912,0.7973432540893555,0.29191821813583374,0.0,0.0004241189453750849,-1021.7766723632812
913,0.7960637211799622,0.2928909361362457,0.0,0.0003377517859917134,-1015.8223266601562
914,0.9226775169372559,0.09095330536365509,0.0,0.0005407474236562848,1697.1953125
915,0.7679268717765808,0.3728702962398529,0.0,0.0003631509898696095,-1485.248779296875
916,0.6953549981117249,0.5557283759117126,0.0,0.00027987538487650454,-1510.1025390625
917,0.6672886610031128,0.6405444741249084,0.0,0.0004621112602762878,-1489.09619140625
918,0.5546804666519165,1.1010719537734985,0.0,0.0003598077455535531,-1463.046630859375
919,0.8888715505599976,0.14365950226783752,0.0,0.000866782502271235,-661.197509765625
920,0.8907386660575867,0.1408851146697998,0.0,0.0007692190119996667,-660.0767211914062
921,0.8889753222465515,0.1439685970544815,0.0,0.000727719278074801,-695.970703125
922,0.6803371906280518,0.6024217009544373,0.0,0.0009219247149303555,-1463.243896484375
923,0.8909416794776917,0.1398596167564392,0.0,0.0006064906483516097,-499.70025634765625
924,0.9152960777282715,0.10430239140987396,0.0,0.0005692659178748727,150.11407470703125
925,0.6441817283630371,0.7217825651168823,0.0,0.00040902517503127456,-1498.1746826171875
926,0.7539776563644409,0.40088951587677,0.0,0.0003510276146698743,-1403.3609619140625
927,0.9090656042098999,0.11216645687818527,0.0,0.0004272470250725746,-175.10513305664062
928,0.793839156627655,0.3134489953517914,0.0,0.0002517103566788137,-1474.3896484375
929,0.7553843855857849,0.4042637050151825,0.0,0.0005393917672336102,-1499.7332763671875
930,0.7687403559684753,0.3705989718437195,0.0,0.00043376832036301494,-1389.0244140625
931,0.9117794036865234,0.10760578513145447,0.0,0.00040271435864269733,-97.39059448242188
932,0.8281289339065552,0.24888503551483154,0.0,0.00045599936856888235,-1468.7591552734375
933,0.8562465906143188,0.19720208644866943,0.0,0.00043294799979776144,-1320.111083984375
934,0.839419960975647,0.22948729991912842,0.0,0.0007666943711228669,-1273.14501953125
935,0.9090864062309265,0.1136583685874939,0.0,0.0005343740922398865,-418.486572265625
936,0.8904561400413513,0.14307942986488342,0.0,0.0005131604848429561,-1079.600341796875
937,0.8783307671546936,0.1630593091249466,0.0,0.0004628849565051496,-1264.56787109375
938,0.7713432908058167,0.37240004539489746,0.0,0.000403280631871894,-1551.166259765625
939,0.7445619106292725,0.4324102997779846,0.0,0.00035450386349111795,-1545.09130859375
940,0.7377951741218567,0.4498347342014313,0.0,0.0004756322014145553,-1537.4063720703125
941,0.7660776376724243,0.3787442743778229,0.0,0.00045346442493610084,-1520.616943359375
942,0.8407531976699829,0.223676860332489,0.0,0.00035190541530027986,-1391.275390625
943,0.8541848063468933,0.19888056814670563,0.0,0.0003149312688037753,-1215.830810546875
944,0.8885886669158936,0.14159110188484192,0.0,0.0002895774377975613,-667.382080078125
945,0.7145341634750366,0.5283643007278442,0.0,0.00017555766680743545,-1466.6328125
946,0.5870030522346497,0.9810022115707397,0.0,0.0001430555566912517,-1472.1295166015625
947,0.5908447504043579,0.9924201965332031,0.0,0.0011187479831278324,-1459.9864501953125
948,0.8965693712234497,0.12909679114818573,0.0,0.0004060587380081415,-240.97613525390625
949,0.9118296504020691,0.10690797120332718,0.0,0.000372284121112898,170.04446411132812
950,0.7115595936775208,0.5806639790534973,0.0,0.0005025503924116492,-1487.226318359375
951,0.8772887587547302,0.16467705368995667,0.0,0.0005853482871316373,-1168.47021484375
952,0.878318727016449,0.16253244876861572,0.0,0.0005105244927108288,-1162.245361328125
953,0.834067165851593,0.2425973266363144,0.0,0.0005638438160531223,-1448.642822265625
954,0.8327836990356445,0.24543693661689758,0.0,0.0006793757784180343,-1443.7420654296875
955,0.8065343499183655,0.298899382352829,0.0,0.000602110696490854,-1434.8890380859375
956,0.5721486210823059,1.0974657535552979,0.0,0.0005527522880584002,-1411.1610107421875
957,0.8762854337692261,0.16235098242759705,0.0,0.00038616734673269093,-891.0611572265625
958,0.6669483184814453,0.6644343733787537,0.0,0.00030142231844365597,-1469.0814208984375
959,0.8891953825950623,0.14092564582824707,0.0,0.00038479530485346913,-374.8330078125
960,0.710879385471344,0.5370783805847168,0.0,0.00035930730518884957,-1440.385986328125
961,0.583285391330719,1.0173429250717163,0.0,0.00024715816834941506,-1443.84765625
962,0.9118573665618896,0.10431840270757675,0.0,0.00030027664615772665,760.5272216796875
963,0.8610788583755493,0.1883845329284668,0.0,0.000287562666926533,-1402.4068603515625
964,0.8171977400779724,0.2710178792476654,0.0,0.00027473358204588294,-1527.568603515625
965,0.745802640914917,0.4400390684604645,0.0,0.0009561587357893586,-1529.1304931640625
966,0.8499447107315063,0.21175377070903778,0.0,0.0005136252148076892,-1391.583251953125
967,0.6716378331184387,0.6551361680030823,0.0,0.0006800579722039402,-1520.7470703125
968,0.7669585347175598,0.3810093104839325,0.0,0.00043504894711077213,-1482.3123779296875
969,0.8821877837181091,0.15122631192207336,0.0,0.00032296573044732213,-930.6161499023438
970,0.834116518497467,0.2350122481584549,0.0,0.00027465689345262945,-1418.0283203125
971,0.8332953453063965,0.23565688729286194,0.0,0.0002448958111926913,-1412.487548828125
972,0.8643670678138733,0.1788923442363739,0.0,0.00024763954570516944,-1124.889404296875
973,0.8666472434997559,0.17508234083652496,0.0,0.00025506073143333197,-1028.0888671875
974,0.7384198904037476,0.4474566578865051,0.0,0.000555073784198612,-1528.154296875
975,0.8045400977134705,0.2927907705307007,0.0,0.0003618007176555693,-1409.29296875
976,0.8598193526268005,0.18674997985363007,0.0,0.0003244515974074602,-860.4562377929688
977,0.8779674768447876,0.15566374361515045,0.0,0.0002742220531217754,-175.6591339111328
978,0.6814116835594177,0.6056810021400452,0.0,0.00026290578534826636,-1490.090087890625
979,0.8457683324813843,0.21004584431648254,0.0,0.00023255134874489158,-675.571044921875
980,0.7720151543617249,0.35400786995887756,0.0,0.00018474920943845063,-1409.7933349609375
981,0.6817491054534912,0.5967184901237488,0.0,0.0003500184102449566,-1537.744873046875
982,0.739571213722229,0.43592554330825806,0.0,0.000947257038205862,-1458.2972412109375
983,0.7409007549285889,0.43052640557289124,0.0,0.0007529131253249943,-1335.645751953125
984,0.713627815246582,0.4984525442123413,0.0,0.0005878226365894079,-1114.60791015625
985,0.922679603099823,0.08505465090274811,0.0,0.0003045809280592948,5490.96142578125
986,0.7018157839775085,0.6026714444160461,0.0,0.00041984140989370644,-1483.515625
987,0.6177065372467041,0.9393064379692078,0.0,0.0005935631925240159,-1447.42822265625
988,0.852228581905365,0.1928109973669052,0.0,0.0003024919133167714,486.8204345703125
989,0.8522347807884216,0.19205214083194733,0.0,0.00025885956711135805,491.81634521484375
990,0.9455402493476868,0.0558629147708416,0.0,0.00024626683443784714,7715.76318359375
991,0.7820956110954285,0.3320011794567108,0.0,0.0001955091574927792,-1506.1187744140625
992,0.8786569237709045,0.152194544672966,0.0,0.00020165009482298046,-951.8392333984375
993,0.899310290813446,0.1199374571442604,0.0,0.00018702403758652508,-360.287109375
994,0.9122199416160583,0.10263499617576599,0.0,0.00022167184215504676,-17.595718383789062
995,0.809808075428009,0.27956250309944153,0.0,0.0002251061814604327,-1572.0247802734375
996,0.8238681554794312,0.2508193552494049,0.0,0.00018777381046675146,-1524.6937255859375
997,0.7300477027893066,0.45835545659065247,0.0,0.00017014762852340937,-1559.232421875
998,0.8578292727470398,0.18576447665691376,0.0,0.00014632055535912514,-1267.5595703125
999,0.8384997844696045,0.21935750544071198,0.0,0.0001457715407013893,-1224.9462890625
1000,0.9018906354904175,0.11575870960950851,0.0,0.0001645856536924839,1.89398193359375
1001,0.7033683657646179,0.550233006477356,0.0,0.00014440264203585684,-1556.9248046875
1002,0.7334303259849548,0.46155813336372375,0.0,0.0001046204415615648,-1401.33251953125
1003,0.9200220108032227,0.08862023800611496,0.0,0.00016448143287561834,1100.250732421875
1004,0.9212089776992798,0.08808111399412155,0.0,0.00019931957649532706,1107.500732421875
1005,0.7699682116508484,0.361124187707901,0.0,0.0002937928948085755,-1453.158447265625
1006,0.9136537313461304,0.09952647984027863,0.0,0.00019384690676815808,-43.22442626953125
1007,0.7026221752166748,0.541809618473053,0.0,0.00026845047250390053,-1576.0404052734375
1008,0.8766699433326721,0.15665291249752045,0.0,0.00018203759100288153,-1344.07470703125
1009,0.8533918261528015,0.19597242772579193,0.0,0.00016880054317880422,-1495.566650390625
1010,0.7902234792709351,0.3192811906337738,0.0,0.0002687378437258303,-1579.52685546875
1011,0.8479357957839966,0.20590004324913025,0.0,0.00020567358296830207,-1406.785888671875
1012,0.8873651027679443,0.13736854493618011,0.0,0.000165884179295972,-939.00439453125
1013,0.8875953555107117,0.13823263347148895,0.0,0.00021977495634928346,-932.280029296875
1014,0.8561440706253052,0.19025060534477234,0.0,0.00021913304226472974,-1315.7119140625
1015,0.8796172142028809,0.15104170143604279,0.0,0.00019837099534925073,-917.288818359375
1016,0.7428450584411621,0.42548036575317383,0.0,0.0004559742519631982,-1490.4918212890625
1017,0.7374775409698486,0.4416702389717102,0.0,0.0011542427819222212,-1480.526611328125
1018,0.8966544270515442,0.12625548243522644,0.0,0.0004200958937872201,-56.226959228515625
1019,0.6791847348213196,0.6128659248352051,0.0,0.0007364956545643508,-1514.4468994140625
1020,0.9093023538589478,0.10899008810520172,0.0,0.0003177909820806235,322.2329406738281
1021,0.8256147503852844,0.25145071744918823,0.0,0.0003916270798072219,-1482.7342529296875
1022,0.7999917268753052,0.30504587292671204,0.0,0.0006120780017226934,-1464.922119140625
1023,0.8583970665931702,0.18995019793510437,0.0,0.0004438631876837462,-850.9647216796875
1024,0.8585792779922485,0.18944062292575836,0.0,0.00043484047637321055,-846.0411987304688
1025,0.7069709300994873,0.5484715104103088,0.0,0.0012002272997051477,-1403.42724609375
1026,0.9229905009269714,0.08802371472120285,0.0,0.0004114866314921528,1783.1060791015625
1027,0.9231433272361755,0.08777536451816559,0.0,0.0004087006382178515,1789.5667724609375
1028,0.8905596733093262,0.13823755085468292,0.0,0.0005843390827067196,-816.518798828125
1029,0.6847754716873169,0.5895001292228699,0.0,0.0009143144125118852,-1603.2977294921875
1030,0.7249360084533691,0.4704299569129944,0.0,0.0006247659330256283,-1574.082275390625
1031,0.8641050457954407,0.17959828674793243,0.0,0.00047341614845208824,-1114.402587890625
1032,0.6207448840141296,0.8267455101013184,0.0,0.0015872942749410868,-1520.8829345703125
1033,0.900773823261261,0.12164808064699173,0.0,0.0005240433383733034,-237.25360107421875
1034,0.6689594984054565,0.6396852731704712,0.0,0.0006225569522939622,-1540.4122314453125
1035,0.9074560403823853,0.11174023151397705,0.0,0.00042772170854732394,-179.98179626464844
1036,0.8700699210166931,0.1710704118013382,0.0,0.0004505896649789065,-1371.10791015625
1037,0.8175402283668518,0.26349499821662903,0.0,0.0003777714737225324,-1561.8087158203125
1038,0.8662941455841064,0.17595963180065155,0.0,0.00035577654489316046,-1341.8204345703125
1039,0.8338836431503296,0.2314871847629547,0.0,0.0002855756029020995,-1521.5853271484375
1040,0.7855247259140015,0.32275089621543884,0.0,0.00020548290922306478,-1592.3026123046875
1041,0.7729923129081726,0.34648340940475464,0.0,0.0001691715297056362,-1549.7880859375
1042,0.8571697473526001,0.18678675591945648,0.0,0.000208195298910141,-1099.952880859375
1043,0.739654004573822,0.4539828300476074,0.0,0.0001217996104969643,-1499.504150390625
1044,0.8760967254638672,0.1521933525800705,0.0,0.0002346014662180096,-290.7843017578125
1045,0.8756593465805054,0.15254941582679749,0.0,0.0002266565425088629,-285.43109130859375
1046,0.8746848702430725,0.15328778326511383,0.0,0.0001987517753150314,-279.9779968261719
1047,0.9167019128799438,0.09312435239553452,0.0,0.00020532931375782937,1267.0316162109375
1048,0.8600412607192993,0.1781693547964096,0.0,0.000152901528053917,-1233.6453857421875
1049,0.8807277083396912,0.14513741433620453,0.0,0.00014574026863556355,-897.7999267578125
1050,0.8606136441230774,0.17789532244205475,0.0,0.00013580545783042908,-1202.634521484375
1051,0.6567367911338806,0.7465510368347168,0.0,0.00011406456906115636,-1588.099365234375
1052,0.5235211253166199,1.3884460926055908,0.0,9.389258048031479e-05,-1559.205810546875
1053,0.3782012462615967,2.444199562072754,0.0,0.0004976622294634581,-1514.1300048828125
1054,0.8240153193473816,0.23510634899139404,0.0,9.658622002461925e-05,-1283.181884765625
1055,0.8861983418464661,0.13281521201133728,0.0,0.00010577707143966109,-204.60496520996094
1056,0.6555692553520203,0.6711972951889038,0.0,0.00044748809887096286,-1574.08740234375
1057,0.8983104228973389,0.1186802014708519,0.0,0.00016143365064635873,-196.0640411376953
1058,0.6451857686042786,0.7115085124969482,0.0,0.0002946055610664189,-1520.925048828125
1059,0.8924384117126465,0.1339479386806488,0.0,0.0003601694479584694,-625.604736328125
1060,0.6851445436477661,0.5836473107337952,0.0,0.0007823865744285285,-1577.693115234375
1061,0.905180811882019,0.11352929472923279,0.0,0.0002744893718045205,-406.2445068359375
1062,0.8890682458877563,0.13971355557441711,0.0,0.0003292045439593494,-1094.7056884765625
1063,0.7788227200508118,0.35006335377693176,0.0,0.0005079311085864902,-1611.2037353515625
1064,0.7795402407646179,0.34752631187438965,0.0,0.0003986791998613626,-1605.256591796875
1065,0.5654973983764648,1.0908207893371582,0.0,0.0018275417387485504,-1573.029052734375
1066,0.8768019080162048,0.15955570340156555,0.0,0.0004762989701703191,-1213.1923828125
1067,0.7906191945075989,0.3192475736141205,0.0,0.0005830959416925907,-1627.095947265625
1068,0.7801988124847412,0.33941203355789185,0.0,0.00046304657007567585,-1590.8489990234375
1069,0.8730342388153076,0.16387653350830078,0.0,0.000348883040715009,-1201.7562255859375
1070,0.7587063908576965,0.38453999161720276,0.0,0.0003115185536444187,-1595.345947265625
1071,0.8717380166053772,0.1660822629928589,0.0,0.0004092013696208596,-1136.8848876953125
1072,0.8445068001747131,0.21222853660583496,0.0,0.000420953641878441,-1320.3504638671875
1073,0.8832048773765564,0.14723201096057892,0.0,0.00036659918259829283,-735.9630737304688
1074,0.8861215710639954,0.15067921578884125,0.0,0.0012378590181469917,-447.08251953125
1075,0.8972686529159546,0.13372421264648438,0.0,0.0010717984987422824,-309.05206298828125
1076,0.8551405668258667,0.2099325954914093,0.0,0.0015417818212881684,-1509.2601318359375
1077,0.753267765045166,0.4417145252227783,0.0,0.0018494399264454842,-1651.2291259765625
1078,0.7311089634895325,0.49902230501174927,0.0,0.0016065433155745268,-1640.64990234375
1079,0.6975722908973694,0.5952702760696411,0.0,0.0014285147190093994,-1625.6220703125
1080,0.8083227276802063,0.2962418794631958,0.0,0.0011806008405983448,-1588.2498779296875
1081,0.807580292224884,0.29692789912223816,0.0,0.001045209588482976,-1581.9940185546875
1082,0.8611592650413513,0.1927187144756317,0.0,0.0008349615382030606,-1331.50146484375
1083,0.8656935095787048,0.18444225192070007,0.0,0.0007449891418218613,-1261.6824951171875
1084,0.8468014597892761,0.2184450924396515,0.0,0.0006885684560984373,-1464.99853515625
1085,0.798976719379425,0.3158756494522095,0.0,0.0006784471916034818,-1592.817626953125
1086,0.8418023586273193,0.22494761645793915,0.0,0.0005847087013535202,-1406.246826171875
1087,0.8415552377700806,0.22517481446266174,0.0,0.0005979715497232974,-1399.433837890625
1088,0.7747872471809387,0.3621349036693573,0.0,0.00047099284711293876,-1627.605712890625
1089,0.6935306191444397,0.5728397369384766,0.0,0.00032830695272423327,-1621.748291015625
1090,0.7871934771537781,0.33073610067367554,0.0,0.0004950273432768881,-1572.1700439453125
1091,0.8113657832145691,0.27837231755256653,0.0,0.00040421669837087393,-1407.7869873046875
1092,0.8161923885345459,0.26941967010498047,0.0,0.0003710828605107963,-1118.738037109375
1093,0.5783605575561523,1.0476988554000854,0.0,0.0010239253751933575,-1519.8089599609375
1094,0.4272567331790924,1.9672627449035645,0.0,0.0012777501251548529,-1509.2020263671875
1095,0.8821248412132263,0.14746211469173431,0.0,0.00041289249202236533,966.7089233398438
1096,0.838693380355835,0.2184945046901703,0.0,0.00034451280953362584,-567.1348876953125
1097,0.8679616451263428,0.16837869584560394,0.0,0.00031149332062341273,1085.254638671875
1098,0.6594559550285339,0.674428403377533,0.0,0.001118286745622754,-1606.8541259765625
1099,0.6332377791404724,0.7698163986206055,0.0,0.002729102736338973,-1584.5677490234375
1100,0.6701498031616211,0.6314959526062012,0.0,0.0018470319919288158,-1271.59912109375
1101,0.9202294945716858,0.09130313992500305,0.0,0.0006587845273315907,6362.373046875
1102,0.9387518763542175,0.0683487057685852,0.0,0.0005917666130699217,6499.54638671875
1103,0.7558011412620544,0.3999718427658081,0.0,0.0009078645962290466,-1535.435546875
1104,0.882642924785614,0.15116184949874878,0.0,0.0006907596252858639,-389.93115234375
1105,0.693606972694397,0.5629734992980957,0.0,0.000717047369107604,-1564.1138916015625
1106,0.86519455909729,0.17935974895954132,0.0,0.0007148258155211806,-334.796630859375
1107,0.6185839772224426,0.8274239897727966,0.0,0.0009137619053944945,-1514.5333251953125
1108,0.929149866104126,0.08190961927175522,0.0,0.0005639936425723135,2791.19482421875
1109,0.8572834730148315,0.19539600610733032,0.0,0.0011357179610058665,-892.8406982421875
1110,0.9229190945625305,0.09307160973548889,0.0,0.0007596965879201889,1036.878173828125
1111,0.7182969450950623,0.4996434152126312,0.0,0.001188102294690907,-1589.8408203125
1112,0.8962535858154297,0.13261841237545013,0.0,0.000789794372394681,-648.930419921875
1113,0.9006613492965698,0.12616460025310516,0.0,0.0007088090060278773,-587.71484375
1114,0.6531974077224731,0.7019426226615906,0.0,0.0007419255562126637,-1581.34521484375
1115,0.8709002733230591,0.1757303774356842,0.0,0.0011788906995207071,-1187.293212890625
1116,0.8328366875648499,0.2435716837644577,0.0,0.001239117351360619,-1426.9757080078125
1117,0.7968515753746033,0.313645601272583,0.0,0.0011062712874263525,-1385.936279296875
1118,0.9191179275512695,0.09942193329334259,0.0,0.0007985382108017802,540.3568115234375
1119,0.9021977782249451,0.1257302612066269,0.0,0.0008003934635780752,-682.680908203125
1120,0.6897032856941223,0.602436363697052,0.0,0.0007750058430247009,-1628.5076904296875
